{"cameraMode":{"drawMode":0,"name":"Shaded","section":"Shading Mode"},"sceneLighting":true,"audioPlay":false,"sceneViewState":{"m_AlwaysRefresh":false,"showFog":true,"showSkybox":true,"showFlares":true,"showImageEffects":true,"showParticleSystems":true,"showVisualEffectGraphs":true,"m_FxEnabled":true},"in2DMode":false,"pivot":{"x":-1.0312581062316895,"y":0.5985594391822815,"z":18.177112579345704},"rotation":{"x":-0.05617722496390343,"y":-0.16188359260559083,"z":0.009449219331145287,"w":-0.9850359559059143},"size":16.264333724975587,"orthographic":false}