{"cameraMode":{"drawMode":0,"name":"Shaded","section":"Shading Mode"},"sceneLighting":true,"audioPlay":false,"sceneViewState":{"m_AlwaysRefresh":false,"showFog":true,"showSkybox":true,"showFlares":true,"showImageEffects":true,"showParticleSystems":true,"showVisualEffectGraphs":true,"m_FxEnabled":true},"in2DMode":false,"pivot":{"x":73.23619079589844,"y":113.11617279052735,"z":-64.98888397216797},"rotation":{"x":0.40743860602378847,"y":-0.034197915345430377,"z":0.015378194861114025,"w":0.9123683571815491},"size":12.12435531616211,"orthographic":false}