{"cameraMode":{"drawMode":0,"name":"Shaded","section":"Shading Mode"},"sceneLighting":false,"audioPlay":false,"sceneViewState":{"m_AlwaysRefresh":false,"showFog":true,"showSkybox":false,"showFlares":true,"showImageEffects":true,"showParticleSystems":true,"showVisualEffectGraphs":true,"m_FxEnabled":true},"in2DMode":false,"pivot":{"x":-1.822953462600708,"y":-38.02534866333008,"z":20.072154998779298},"rotation":{"x":-0.5345499515533447,"y":-0.0034599776845425369,"z":0.0018219060730189086,"w":-0.8450852632522583},"size":39.416595458984378,"orthographic":false}