{"cameraMode":{"drawMode":0,"name":"Shaded","section":"Shading Mode"},"sceneLighting":false,"audioPlay":false,"sceneViewState":{"m_AlwaysRefresh":false,"showFog":true,"showSkybox":false,"showFlares":true,"showImageEffects":true,"showParticleSystems":true,"showVisualEffectGraphs":true,"m_FxEnabled":true},"in2DMode":false,"pivot":{"x":0.9102266430854797,"y":1.3980823755264283,"z":-1.0370137691497803},"rotation":{"x":0.21810118854045869,"y":-0.7074441909790039,"z":0.24726249277591706,"w":0.6251174211502075},"size":0.8660283088684082,"orthographic":false}