{"cameraMode":{"drawMode":0,"name":"Shaded","section":"Shading Mode"},"sceneLighting":false,"audioPlay":false,"sceneViewState":{"m_AlwaysRefresh":false,"showFog":true,"showSkybox":false,"showFlares":true,"showImageEffects":true,"showParticleSystems":true,"showVisualEffectGraphs":true,"m_FxEnabled":true},"in2DMode":false,"pivot":{"x":-2.0299158096313478,"y":0.9854460954666138,"z":-1.2218906879425049},"rotation":{"x":-0.32098954916000368,"y":-0.03326885402202606,"z":0.011097671464085579,"w":-0.9463517069816589},"size":1.5873868465423585,"orthographic":false}