{"cameraMode":{"drawMode":0,"name":"Shaded","section":"Shading Mode"},"sceneLighting":false,"audioPlay":false,"sceneViewState":{"m_AlwaysRefresh":false,"showFog":true,"showSkybox":false,"showFlares":true,"showImageEffects":true,"showParticleSystems":true,"showVisualEffectGraphs":true,"m_FxEnabled":true},"in2DMode":false,"pivot":{"x":-2.0023651123046877,"y":-34.90879821777344,"z":-20.336896896362306},"rotation":{"x":0.020293451845645906,"y":-0.8653035759925842,"z":0.49948397278785708,"w":0.03572840988636017},"size":38.814395904541019,"orthographic":false}