{"cameraMode":{"drawMode":0,"name":"Shaded","section":"Shading Mode"},"sceneLighting":false,"audioPlay":false,"sceneViewState":{"m_AlwaysRefresh":false,"showFog":true,"showSkybox":false,"showFlares":true,"showImageEffects":true,"showParticleSystems":true,"showVisualEffectGraphs":true,"m_FxEnabled":true},"in2DMode":false,"pivot":{"x":-1.1442080736160279,"y":4.5801239013671879,"z":13.2484712600708},"rotation":{"x":-0.0021825411822646858,"y":-0.991167426109314,"z":0.13159696757793427,"w":-0.014234312810003758},"size":5.193497180938721,"orthographic":false}