{"cameraMode":{"drawMode":0,"name":"Shaded","section":"Shading Mode"},"sceneLighting":false,"audioPlay":false,"sceneViewState":{"m_AlwaysRefresh":false,"showFog":true,"showSkybox":false,"showFlares":true,"showImageEffects":true,"showParticleSystems":true,"showVisualEffectGraphs":true,"m_FxEnabled":true},"in2DMode":false,"pivot":{"x":-3.9314475059509279,"y":3.619932174682617,"z":3.5781800746917726},"rotation":{"x":0.09447625279426575,"y":-0.28946518898010256,"z":0.029034584760665895,"w":0.9520401358604431},"size":36.14899826049805,"orthographic":false}