{"cameraMode":{"drawMode":0,"name":"Shaded","section":"Shading Mode"},"sceneLighting":false,"audioPlay":false,"sceneViewState":{"m_AlwaysRefresh":false,"showFog":true,"showSkybox":false,"showFlares":true,"showImageEffects":true,"showParticleSystems":true,"showVisualEffectGraphs":true,"m_FxEnabled":true},"in2DMode":false,"pivot":{"x":99.66881561279297,"y":0.45788127183914187,"z":100.00640869140625},"rotation":{"x":0.027524879202246667,"y":0.8508456945419312,"z":-0.04467547684907913,"w":0.5225971937179565},"size":0.9273635745048523,"orthographic":false}