{"cameraMode":{"drawMode":0,"name":"Shaded","section":"Shading Mode"},"sceneLighting":false,"audioPlay":false,"sceneViewState":{"m_AlwaysRefresh":false,"showFog":true,"showSkybox":false,"showFlares":true,"showImageEffects":true,"showParticleSystems":true,"showVisualEffectGraphs":true,"m_FxEnabled":true},"in2DMode":false,"pivot":{"x":-0.5634890794754028,"y":0.28587421774864199,"z":-0.3157893419265747},"rotation":{"x":-0.09034405648708344,"y":0.9065099954605103,"z":-0.25094664096832278,"w":-0.3270464837551117},"size":4.062019348144531,"orthographic":false}