{"cameraMode":{"drawMode":0,"name":"Shaded","section":"Shading Mode"},"sceneLighting":false,"audioPlay":false,"sceneViewState":{"m_AlwaysRefresh":false,"showFog":true,"showSkybox":false,"showFlares":true,"showImageEffects":true,"showParticleSystems":true,"showVisualEffectGraphs":true,"m_FxEnabled":true},"in2DMode":false,"pivot":{"x":-0.11920896917581558,"y":0.5035292506217957,"z":1.6328521966934205},"rotation":{"x":0.0006988812237977982,"y":0.9570223689079285,"z":-0.2897631824016571,"w":0.0016752573428675533},"size":1.4197272062301636,"orthographic":false}