{"cameraMode":{"drawMode":0,"name":"Shaded","section":"Shading Mode"},"sceneLighting":false,"audioPlay":false,"sceneViewState":{"m_AlwaysRefresh":false,"showFog":true,"showSkybox":false,"showFlares":true,"showImageEffects":true,"showParticleSystems":true,"showVisualEffectGraphs":true,"m_FxEnabled":true},"in2DMode":false,"pivot":{"x":3.6341285705566408,"y":1.9219847917556763,"z":-0.5096331238746643},"rotation":{"x":0.1674881875514984,"y":-0.6583274602890015,"z":0.15392406284809113,"w":0.7174203395843506},"size":1.0392305850982667,"orthographic":false}