{"cameraMode":{"drawMode":0,"name":"Shaded","section":"Shading Mode"},"sceneLighting":false,"audioPlay":false,"sceneViewState":{"m_AlwaysRefresh":false,"showFog":true,"showSkybox":false,"showFlares":true,"showImageEffects":true,"showParticleSystems":true,"showVisualEffectGraphs":true,"m_FxEnabled":true},"in2DMode":false,"pivot":{"x":-0.07367360591888428,"y":1.1492549180984498,"z":0.13622760772705079},"rotation":{"x":-0.0018809546018019319,"y":0.9975801706314087,"z":-0.03294071555137634,"w":-0.059625446796417239},"size":1.217017412185669,"orthographic":false}