{"cameraMode":{"drawMode":0,"name":"Shaded","section":"Shading Mode"},"sceneLighting":false,"audioPlay":false,"sceneViewState":{"m_AlwaysRefresh":false,"showFog":true,"showSkybox":false,"showFlares":true,"showImageEffects":true,"showParticleSystems":true,"showVisualEffectGraphs":true,"m_FxEnabled":true},"in2DMode":false,"pivot":{"x":-0.5439702272415161,"y":1.1059205532073975,"z":-1.4450130462646485},"rotation":{"x":-0.2679053843021393,"y":-0.04249276965856552,"z":0.011658240109682083,"w":-0.9623539447784424},"size":2.017744779586792,"orthographic":false}