{"cameraMode":{"drawMode":0,"name":"Shaded","section":"Shading Mode"},"sceneLighting":false,"audioPlay":false,"sceneViewState":{"m_AlwaysRefresh":false,"showFog":true,"showSkybox":false,"showFlares":true,"showImageEffects":true,"showParticleSystems":true,"showVisualEffectGraphs":true,"m_FxEnabled":true},"in2DMode":false,"pivot":{"x":2.8274083137512209,"y":1.5280230045318604,"z":0.5761593580245972},"rotation":{"x":0.18213890492916108,"y":-0.7279528379440308,"z":0.21228204667568208,"w":0.6259298324584961},"size":2.513096570968628,"orthographic":false}