{"cameraMode":{"drawMode":0,"name":"Shaded","section":"Shading Mode"},"sceneLighting":false,"audioPlay":false,"sceneViewState":{"m_AlwaysRefresh":false,"showFog":true,"showSkybox":false,"showFlares":true,"showImageEffects":true,"showParticleSystems":true,"showVisualEffectGraphs":true,"m_FxEnabled":true},"in2DMode":false,"pivot":{"x":-0.10023067891597748,"y":0.9878017902374268,"z":-0.14455965161323548},"rotation":{"x":-0.16521039605140687,"y":-0.0792398676276207,"z":0.01305392012000084,"w":-0.9829370379447937},"size":1.6896576881408692,"orthographic":false}